桃園	桃園	ㄊㄠˊ ㄩㄢˊ / táo yuán
浪費	無駄にする/浪費する	ㄌㄤˋ ㄈㄟˋ / làng fèi
逐步	徐々に/一歩ずつ	ㄓㄨˊ ㄅㄨˋ / zhú bù
部長	部長/大臣	ㄅㄨˋ ㄓㄤˇ / bù zhǎng
尊嚴	尊厳	ㄗㄨㄣ ㄧㄢˊ / zūn yán
提昇	向上させる/引き上げる	ㄊㄧˊ ㄕㄥ / tí shēng
發出	発する/出す	ㄈㄚ ㄔㄨ / fā chū
發育	発育する	ㄈㄚ ㄩˋ / fā yù
勢力	勢力	ㄕˋ ㄌㄧˋ / shì lì
微笑	微笑む/ほほえみ	ㄨㄟˊ ㄒㄧㄠˋ / wéi xiào
感動	感動する	ㄍㄢˇ ㄉㄨㄥˋ / gǎn dòng
爺爺	祖父/おじいさん	ㄧㄝˊ ˙ㄧㄝ / yé ye
當天	当日	ㄉㄤ ㄊㄧㄢ / dāng tiān
駕駛	運転する/運転手	ㄐㄧㄚˋ ㄕˇ / jià shǐ
賺錢	お金を稼ぐ	ㄓㄨㄢˋ ㄑㄧㄢˊ / zhuàn qián
權利	権利	ㄑㄩㄢˊ ㄌㄧˋ / quán lì
不得不	～せざるを得ない	ㄅㄨˋ ㄉㄜˊ ㄅㄨˋ / bù dé bù
水果	果物	ㄕㄨㄟˇ ㄍㄨㄛˇ / shuǐ guǒ
古老	古い/昔からの	ㄍㄨˇ ㄌㄠˇ / gǔ lǎo
巨人	巨人	ㄐㄩˋ ㄖㄣˊ / jù rén
白色	白色	ㄅㄞˊ ㄙㄜˋ / bái sè
地面	地面	ㄉㄧˋ ㄇㄧㄢˋ / dì miàn
成效	成果/効果	ㄔㄥˊ ㄒㄧㄠˋ / chéng xiào
味道	味/匂い	ㄨㄟˋ ㄉㄠˋ / wèi dào
招牌	看板	ㄓㄠ ㄆㄞˊ / zhāo pái
哪裡	どこ	ㄋㄚˇ ㄌㄧˇ / nǎ lǐ
展示	展示する	ㄓㄢˇ ㄕˋ / zhǎn shì
國人	国民	ㄍㄨㄛˊ ㄖㄣˊ / guó rén
常見	よく見かける	ㄔㄤˊ ㄐㄧㄢˋ / cháng jiàn
描述	描写する/説明する	ㄇㄧㄠˊ ㄕㄨˋ / miáo shù
集體	集団/集団の	ㄐㄧˊ ㄊㄧˇ / jí tǐ
滿意	満足する	ㄇㄢˇ ㄧˋ / mǎn yì
撞擊	衝突する/ぶつかる	ㄓㄨㄤˋ ㄐㄧˊ / zhuàng jí
潮流	潮流/トレンド	ㄔㄠˊ ㄌㄧㄡˊ / cháo liú
機場	空港	ㄐㄧ ㄔㄤˇ / jī chǎng
聽到	聞こえる	ㄊㄧㄥ ㄉㄠˋ / tīng dào
上課	授業に出る/授業が始まる	ㄕㄤˋ ㄎㄜˋ / shàng kè
上學	通学する/登校する	ㄕㄤˋ ㄒㄩㄝˊ / shàng xué
也有	～もある	ㄧㄝˇ ㄧㄡˇ / yě yǒu
不滿	不満である	ㄅㄨˋ ㄇㄢˇ / bù mǎn
付出	支払う/労力を費やす	ㄈㄨˋ ㄔㄨ / fù chū
外界	外界/外部	ㄨㄞˋ ㄐㄧㄝˋ / wài jiè
打算	つもり/計画する	ㄉㄚˇ ㄙㄨㄢˋ / dǎ suàn
全力	全力	ㄑㄩㄢˊ ㄌㄧˋ / quán lì
各國	各国	ㄍㄜˋ ㄍㄨㄛˊ / gè guó
老婆	妻/奥さん	ㄌㄠˇ ㄆㄛˊ / lǎo pó
見面	会う	ㄐㄧㄢˋ ㄇㄧㄢˋ / jiàn miàn
身分	身分	ㄕㄣ ㄈㄣˋ / shēn fèn
周圍	周囲	ㄓㄡ ㄨㄟˊ / zhōu wéi
定位	位置づける/位置づけ	ㄉㄧㄥˋ ㄨㄟˋ / dìng wèi
忽然	突然	ㄏㄨ ㄖㄢˊ / hū rán
所得	所得	ㄙㄨㄛˇ ㄉㄜˊ / suǒ dé
抵達	到着する	ㄉㄧˇ ㄉㄚˊ / dǐ dá
物品	品物/物品	ㄨˋ ㄆㄧㄣˇ / wù pǐn
非洲	アフリカ	ㄈㄟ ㄓㄡ / fēi zhōu
保留	保留する/保存する	ㄅㄠˇ ㄌㄧㄡˊ / bǎo liú
春節	春節/旧正月	ㄔㄨㄣ ㄐㄧㄝˊ / chūn jié
軌道	軌道	ㄍㄨㄟˇ ㄉㄠˋ / guǐ dào
面貌	面影/様相	ㄇㄧㄢˋ ㄇㄠˋ / miàn mào
情感	感情/思い	ㄑㄧㄥˊ ㄍㄢˇ / qíng gǎn
喜悅	喜び	ㄒㄧˇ ㄩㄝˋ / xǐ yuè
就業	就業する/就職する	ㄐㄧㄡˋ ㄧㄝˋ / jiù yè
悲劇	悲劇	ㄅㄟ ㄐㄩˋ / bēi jù
提到	言及する	ㄊㄧˊ ㄉㄠˋ / tí dào
棒球	野球	ㄅㄤˋ ㄑㄧㄡˊ / bàng qiú
黑洞	ブラックホール	ㄏㄟ ㄉㄨㄥˋ / hēi dòng
新車	新車	ㄒㄧㄣ ㄔㄜ / xīn chē
當局	当局	ㄉㄤ ㄐㄩˊ / dāng jú
落實	実行する/徹底する	ㄌㄨㄛˋ ㄕˊ / luò shí
綠色	緑色	ㄌㄩˋ ㄙㄜˋ / lǜ sè
暫時	しばらく/一時的に	ㄓㄢˋ ㄕˊ / zhàn shí
縣市	県と市/県市	ㄒㄧㄢˋ ㄕˋ / xiàn shì
引發	引き起こす	ㄧㄣˇ ㄈㄚ / yǐn fā
他人	他人	ㄊㄚ ㄖㄣˊ / tā rén
回去	帰る	ㄏㄨㄟˊ ㄑㄩˋ / huí qù
年度	年度	ㄋㄧㄢˊ ㄉㄨˋ / nián dù
老鼠	ネズミ	ㄌㄠˇ ㄕㄨˇ / lǎo shǔ
辛苦	苦労する/つらい	ㄒㄧㄣ ㄎㄨˇ / xīn kǔ
典禮	式典	ㄉㄧㄢˇ ㄌㄧˇ / diǎn lǐ
東方	東洋/東方	ㄉㄨㄥ ㄈㄤ / dōng fāng
南部	南部	ㄋㄢˊ ㄅㄨˋ / nán bù
指標	指標	ㄓˇ ㄅㄧㄠ / zhǐ biāo
某些	ある/特定の	ㄇㄡˇ ㄒㄧㄝ / mǒu xiē
風光	景色/風景/栄光	ㄈㄥ ㄍㄨㄤ / fēng guāng
特質	特質/特徴	ㄊㄜˋ ㄓˊ / tè zhí
貢獻	貢献する	ㄍㄨㄥˋ ㄒㄧㄢˋ / gòng xiàn
做事	仕事をする/事を行う	ㄗㄨㄛˋ ㄕˋ / zuò shì
國片	台湾映画/国産映画	ㄍㄨㄛˊ ㄆㄧㄢˋ / guó piàn
國民	国民	ㄍㄨㄛˊ ㄇㄧㄣˊ / guó mín
異常	異常である	ㄧˋ ㄔㄤˊ / yì cháng
減輕	軽減する	ㄐㄧㄢˇ ㄑㄧㄥ / jiǎn qīng
無限	無限の	ㄨˊ ㄒㄧㄢˋ / wú xiàn
視覺	視覚	ㄕˋ ㄐㄩㄝˊ / shì jué
禁止	禁止する	ㄐㄧㄣˋ ㄓˇ / jìn zhǐ
預估	予想する/予測する	ㄩˋ ㄍㄨ / yù gū
澎湖	澎湖（ポンフー）	ㄆㄥˊ ㄏㄨˊ / péng hú
檢驗	検査する	ㄐㄧㄢˇ ㄧㄢˋ / jiǎn yàn
營運	運営する/営業する	ㄧㄥˊ ㄩㄣˋ / yíng yùn
一致	一致する	ㄧ ㄓˋ / yī zhì
大小	大きさ/大小	ㄉㄚˋ ㄒㄧㄠˇ / dà xiǎo
大地	大地	ㄉㄚˋ ㄉㄧˋ / dà dì
主動	主体的に/自ら進んで	ㄓㄨˇ ㄉㄨㄥˋ / zhǔ dòng
主辦	主催する	ㄓㄨˇ ㄅㄢˋ / zhǔ bàn
出去	出て行く	ㄔㄨ ㄑㄩˋ / chū qù
外資	外資	ㄨㄞˋ ㄗ / wài zī
企圖	企てる/意図	ㄑㄧˋ ㄊㄨˊ / qì tú
合格	合格する	ㄏㄜˊ ㄍㄜˊ / hé gé
有利	有利である	ㄧㄡˇ ㄌㄧˋ / yǒu lì
自願	志願する/自発的に～する	ㄗˋ ㄩㄢˋ / zì yuàn
弟弟	弟	ㄉㄧˋ ˙ㄉㄧ / dì di
協調	協調する/調整する	ㄒㄧㄝˊ ㄊㄧㄠˊ / xié tiáo
性格	性格	ㄒㄧㄥˋ ㄍㄜˊ / xìng gé
金門	金門（キンメン）	ㄐㄧㄣ ㄇㄣˊ / jīn mén
便宜	安い	ㄆㄧㄢˊ ㄧˊ / pián yí
個案	個別のケース/事例	ㄍㄜˋ ㄢˋ / gè àn
馬來西亞	マレーシア	ㄇㄚˇ ㄌㄞˊ ㄒㄧ ㄧㄚˋ / mǎ lái xī yà
執政	執政する/政権を握る	ㄓˊ ㄓㄥˋ / zhí zhèng
教材	教材	ㄐㄧㄠˋ ㄘㄞˊ / jiào cái
現代化	現代化	ㄒㄧㄢˋ ㄉㄞˋ ㄏㄨㄚˋ / xiàn dài huà
統治	統治する	ㄊㄨㄥˇ ㄓˋ / tǒng zhì
貨幣	貨幣/通貨	ㄏㄨㄛˋ ㄅㄧˋ / huò bì
場面	場面/シーン	ㄔㄤˇ ㄇㄧㄢˋ / chǎng miàn
普通	普通である/一般的である	ㄆㄨˇ ㄊㄨㄥ / pǔ tōng
無數	無数の	ㄨˊ ㄕㄨˋ / wú shù
發作	発作が起きる/発作	ㄈㄚ ㄗㄨㄛˋ / fā zuò
結論	結論	ㄐㄧㄝˊ ㄌㄨㄣˋ / jié lùn
買賣	売買/商売	ㄇㄞˇ ㄇㄞˋ / mǎi mài
運轉	運転する/稼働する	ㄩㄣˋ ㄓㄨㄢˇ / yùn zhuǎn
實用	実用的である	ㄕˊ ㄩㄥˋ / shí yòng
適應	適応する	ㄕˋ ㄧㄥˋ / shì yìng
一會兒	少しの間/しばらく	ㄧ ㄏㄨㄟˇ ㄦ / yī huǐ r
內在	内在する/内面	ㄋㄟˋ ㄗㄞˋ / nèi zài
出爐	焼き上がる/発表される	ㄔㄨ ㄌㄨˊ / chū lú
打電話	電話をかける	ㄉㄚˇ ㄉㄧㄢˋ ㄏㄨㄚˋ / dǎ diàn huà
多年	長年/多年	ㄉㄨㄛ ㄋㄧㄢˊ / duō nián
安全氣囊	エアバッグ	ㄢ ㄑㄩㄢˊ ㄑㄧˋ ㄋㄤˊ / ān quán qì náng
考驗	試練/試す	ㄎㄠˇ ㄧㄢˋ / kǎo yàn
否認	否認する	ㄈㄡˇ ㄖㄣˋ / fǒu rèn
忘記	忘れる	ㄨㄤˋ ㄐㄧˋ / wàng jì
取消	取り消す/キャンセルする	ㄑㄩˇ ㄒㄧㄠ / qǔ xiāo
官方	公式/政府機関	ㄍㄨㄢ ㄈㄤ / guān fāng
既然	～したからには	ㄐㄧˋ ㄖㄢˊ / jì rán
盈餘	剰余金/利益	ㄧㄥˊ ㄩˊ / yíng yú
旁邊	隣/そば	ㄆㄤˊ ㄅㄧㄢ / páng biān
病情	病状	ㄅㄧㄥˋ ㄑㄧㄥˊ / bìng qíng
國防	国防	ㄍㄨㄛˊ ㄈㄤˊ / guó fáng
專題	特集/専門テーマ	ㄓㄨㄢ ㄊㄧˊ / zhuān tí
畢竟	結局のところ/何と言っても	ㄅㄧˋ ㄐㄧㄥˋ / bì jìng
移轉	移転する/移行する	ㄧˊ ㄓㄨㄢˇ / yí zhuǎn
傑出	傑出している	ㄐㄧㄝˊ ㄔㄨ / jié chū
單純	単純である	ㄉㄢ ㄔㄨㄣˊ / dān chún
對手	相手/ライバル	ㄉㄨㄟˋ ㄕㄡˇ / duì shǒu
甄選	選抜する/選考する	ㄓㄣ ㄒㄩㄢˇ / zhēn xuǎn
語文	語学/言語と文学	ㄩˇ ㄨㄣˊ / yǔ wén
儀式	儀式	ㄧˊ ㄕˋ / yí shì
蝴蝶	蝶	ㄏㄨˊ ㄉㄧㄝˊ / hú dié
適當	適当である/適切である	ㄕˋ ㄉㄤˋ / shì dàng
縣長	県知事	ㄒㄧㄢˋ ㄓㄤˇ / xiàn zhǎng
頻道	チャンネル	ㄆㄧㄣˊ ㄉㄠˋ / pín dào
千萬	くれぐれも/千万	ㄑㄧㄢ ㄨㄢˋ / qiān wàn
土耳其	トルコ	ㄊㄨˇ ㄦˇ ㄑㄧˊ / tǔ ěr qí
大會	大会	ㄉㄚˋ ㄏㄨㄟˋ / dà huì
中國大陸	中国大陸	ㄓㄨㄥ ㄍㄨㄛˊ ㄉㄚˋ ㄌㄨˋ / zhōng guó dà lù
分裂	分裂する	ㄈㄣ ㄌㄧㄝˋ / fēn liè
手法	手法/やり方	ㄕㄡˇ ㄈㄚˇ / shǒu fǎ
支撐	支える	ㄓ ㄔㄥ / zhī chēng
水平	水準/レベル	ㄕㄨㄟˇ ㄆㄧㄥˊ / shuǐ píng
世人	世間の人々	ㄕˋ ㄖㄣˊ / shì rén
同事	同僚	ㄊㄨㄥˊ ㄕˋ / tóng shì
托兒所	保育所/託児所	ㄊㄨㄛ ㄦˊ ㄙㄨㄛˇ / tuō ér suǒ
收穫	収穫/成果	ㄕㄡ ㄏㄨㄛˋ / shōu huò
投票	投票する	ㄊㄡˊ ㄆㄧㄠˋ / tóu piào
具體	具体的である	ㄐㄩˋ ㄊㄧˇ / jù tǐ
架構	枠組み/構造	ㄐㄧㄚˋ ㄍㄡˋ / jià gòu
為何	なぜ	ㄨㄟˋ ㄏㄜˊ / wèi hé
哲學	哲学	ㄓㄜˊ ㄒㄩㄝˊ / zhé xué
展覽	展覧会/展示する	ㄓㄢˇ ㄌㄢˇ / zhǎn lǎn
氣候	気候	ㄑㄧˋ ㄏㄡˋ / qì hòu
疼痛	痛み	ㄊㄥˊ ㄊㄨㄥˋ / téng tòng
神祕	神秘的である	ㄕㄣˊ ㄇㄧˋ / shén mì
衰退	衰退する	ㄕㄨㄞ ㄊㄨㄟˋ / shuāi tuì
商人	商人/ビジネスマン	ㄕㄤ ㄖㄣˊ / shāng rén
採購	調達する/買い付け	ㄘㄞˇ ㄍㄡˋ / cǎi gòu
排名	ランキング/順位	ㄆㄞˊ ㄇㄧㄥˊ / pái míng
啟示	啓示/ヒント	ㄑㄧˇ ㄕˋ / qǐ shì
設施	施設	ㄕㄜˋ ㄕ / shè shī
麻煩	面倒である/迷惑をかける	ㄇㄚˊ ㄈㄢˊ / má fán
尋求	探し求める	ㄒㄩㄣˊ ㄑㄧㄡˊ / xún qiú
越南	ベトナム	ㄩㄝˋ ㄋㄢˊ / yuè nán
過度	過度である	ㄍㄨㄛˋ ㄉㄨˋ / guò dù
種種	さまざまな	ㄓㄨㄥˇ ㄓㄨㄥˇ / zhǒng zhǒng
精緻	精巧である/精緻である	ㄐㄧㄥ ㄓˋ / jīng zhì
潛力	潜在能力/ポテンシャル	ㄑㄧㄢˊ ㄌㄧˋ / qián lì
衝擊	衝撃/ショック	ㄔㄨㄥ ㄐㄧˊ / chōng jí
優秀	優秀である	ㄧㄡ ㄒㄧㄡˋ / yōu xiù
營業	営業する	ㄧㄥˊ ㄧㄝˋ / yíng yè
難忘	忘れがたい	ㄋㄢˊ ㄨㄤˋ / nán wàng
警察	警察	ㄐㄧㄥˇ ㄔㄚˊ / jǐng chá
鐵路	鉄道	ㄊㄧㄝˇ ㄌㄨˋ / tiě lù
觀賞	観賞する	ㄍㄨㄢ ㄕㄤˇ / guān shǎng
引導	導く/案内する	ㄧㄣˇ ㄉㄠˇ / yǐn dǎo
早上	朝	ㄗㄠˇ ㄕㄤˋ / zǎo shàng
住宅	住宅	ㄓㄨˋ ㄓㄞˊ / zhù zhái
作法	やり方/手法	ㄗㄨㄛˋ ㄈㄚˇ / zuò fǎ
依賴	依存する/頼る	ㄧ ㄌㄞˋ / yī lài
花園	庭園/花壇	ㄏㄨㄚ ㄩㄢˊ / huā yuán
保存	保存する	ㄅㄠˇ ㄘㄨㄣˊ / bǎo cún
相反	相反する/反対に	ㄒㄧㄤ ㄈㄢˇ / xiāng fǎn
風箏	凧	ㄈㄥ ㄓㄥ / fēng zhēng
乘坐	乗車する/搭乗する	ㄔㄥˊ ㄗㄨㄛˋ / chéng zuò
座椅	座席	ㄗㄨㄛˋ ㄧˇ / zuò yǐ
密集	密集する	ㄇㄧˋ ㄐㄧˊ / mì jí
接見	引見する/面会する	ㄐㄧㄝ ㄐㄧㄢˋ / jiē jiàn
理性	理性/理性的である	ㄌㄧˇ ㄒㄧㄥˋ / lǐ xìng
設定	設定する	ㄕㄜˋ ㄉㄧㄥˋ / shè dìng
凱瑟琳	キャサリン	ㄎㄞˇ ㄙㄜˋ ㄌㄧㄣˊ / kǎi sè lín
無奈	仕方がない/やるせない	ㄨˊ ㄋㄞˋ / wú nài
登陸	上陸する	ㄉㄥ ㄌㄨˋ / dēng lù
街頭	街頭	ㄐㄧㄝ ㄊㄡˊ / jiē tóu
訴求	アピール/訴求する	ㄙㄨˋ ㄑㄧㄡˊ / sù qiú
詳細	詳細である	ㄒㄧㄤˊ ㄒㄧˋ / xiáng xì
遊客	観光客	ㄧㄡˊ ㄎㄜˋ / yóu kè
實質	実質	ㄕˊ ㄓˊ / shí zhí
臺大	台湾大学	ㄊㄞˊ ㄉㄚˋ / tái dà
認真	真面目である	ㄖㄣˋ ㄓㄣ / rèn zhēn
銀河	銀河	ㄧㄣˊ ㄏㄜˊ / yín hé
譬如	例えば	ㄆㄧˋ ㄖㄨˊ / pì rú
不只	～だけでなく	ㄅㄨˋ ㄓˇ / bù zhǐ
分配	分配する	ㄈㄣ ㄆㄟˋ / fēn pèi
天地	天地/世界	ㄊㄧㄢ ㄉㄧˋ / tiān dì
天然	天然の	ㄊㄧㄢ ㄖㄢˊ / tiān rán
支出	支出/支出する	ㄓ ㄔㄨ / zhī chū
石頭	石	ㄕˊ ㄊㄡˊ / shí tóu
回饋	還元する/フィードバックする	ㄏㄨㄟˊ ㄎㄨㄟˋ / huí kuì
改進	改善する	ㄍㄞˇ ㄐㄧㄣˋ / gǎi jìn
事物	事物/物事	ㄕˋ ㄨˋ / shì wù
軍事	軍事	ㄐㄩㄣ ㄕˋ / jūn shì
消化	消化する	ㄒㄧㄠ ㄏㄨㄚˋ / xiāo huà
高速	高速の	ㄍㄠ ㄙㄨˋ / gāo sù
理解	理解する	ㄌㄧˇ ㄐㄧㄝˇ / lǐ jiě
惡化	悪化する	ㄜˋ ㄏㄨㄚˋ / è huà
登記	登記する/登録する	ㄉㄥ ㄐㄧˋ / dēng jì
發達	発達している	ㄈㄚ ㄉㄚˊ / fā dá
診斷	診断する	ㄓㄣˇ ㄉㄨㄢˋ / zhěn duàn
溫度	温度	ㄨㄣ ㄉㄨˋ / wēn dù
農村	農村	ㄋㄨㄥˊ ㄘㄨㄣ / nóng cūn
領先	リードする/先行する	ㄌㄧㄥˇ ㄒㄧㄢ / lǐng xiān
線條	線/ライン	ㄒㄧㄢˋ ㄊㄧㄠˊ / xiàn tiáo
應付	対処する/やりくりする	ㄧㄥˋ ㄈㄨˋ / yìng fù
營收	売上高/営業収益	ㄧㄥˊ ㄕㄡ / yíng shōu
靈魂	魂/霊魂	ㄌㄧㄥˊ ㄏㄨㄣˊ / líng hún
公務員	公務員	ㄍㄨㄥ ㄨˋ ㄩㄢˊ / gōng wù yuán
代理	代理	ㄉㄞˋ ㄌㄧˇ / dài lǐ
犯罪	犯罪	ㄈㄢˋ ㄗㄨㄟˋ / fàn zuì
生意	商売/ビジネス	ㄕㄥ ㄧˋ / shēng yì
好萊塢	ハリウッド	ㄏㄠˇ ㄌㄞˊ ㄨ / hǎo lái wū
存款	預金/貯金	ㄘㄨㄣˊ ㄎㄨㄢˇ / cún kuǎn
年紀	年齢/年	ㄋㄧㄢˊ ㄐㄧˋ / nián jì
年畫	年画（正月の絵）	ㄋㄧㄢˊ ㄏㄨㄚˋ / nián huà
耳朵	耳	ㄦˇ ㄉㄨㄛ / ěr duo
肌膚	肌/皮膚	ㄐㄧ ㄈㄨ / jī fū
行情	相場	ㄏㄤˊ ㄑㄧㄥˊ / háng qíng
那兒	あそこ	ㄋㄚˋ ㄦ / nà r
其次	次に/その次	ㄑㄧˊ ㄘˋ / qí cì
受傷	怪我をする	ㄕㄡˋ ㄕㄤ / shòu shāng
固定	固定する	ㄍㄨˋ ㄉㄧㄥˋ / gù dìng
奇蹟	奇跡	ㄑㄧˊ ㄐㄧ / qí jī
放鬆	リラックスする/緩める	ㄈㄤˋ ㄙㄨㄥ / fàng sōng
星占學	占星術	ㄒㄧㄥ ㄓㄢ ㄒㄩㄝˊ / xīng zhān xué
害怕	恐れる/怖がる	ㄏㄞˋ ㄆㄚˋ / hài pà
時機	機会/タイミング	ㄕˊ ㄐㄧ / shí jī
財團	財団	ㄘㄞˊ ㄊㄨㄢˊ / cái tuán
密切	密接である	ㄇㄧˋ ㄑㄧㄝˋ / mì qiè
捷運	MRT/地下鉄	ㄐㄧㄝˊ ㄩㄣˋ / jié yùn
推廣	普及させる/推し広める	ㄊㄨㄟ ㄍㄨㄤˇ / tuī guǎng
畢業生	卒業生	ㄅㄧˋ ㄧㄝˋ ㄕㄥ / bì yè shēng
場所	場所	ㄔㄤˇ ㄙㄨㄛˇ / chǎng suǒ
廁所	トイレ	ㄘㄜˋ ㄙㄨㄛˇ / cè suǒ
飲料	飲み物	ㄧㄣˇ ㄌㄧㄠˋ / yǐn liào
塑膠	プラスチック	ㄙㄨˋ ㄐㄧㄠ / sù jiāo
幹部	幹部	ㄍㄢˋ ㄅㄨˋ / gàn bù
溫暖	暖かい	ㄨㄣ ㄋㄨㄢˇ / wēn nuǎn
群眾	群衆/大衆	ㄑㄩㄣˊ ㄓㄨㄥˋ / qún zhòng
福利	福利	ㄈㄨˊ ㄌㄧˋ / fú lì
臺省	台湾省	ㄊㄞˊ ㄕㄥˇ / tái shěng
趕快	急いで	ㄍㄢˇ ㄎㄨㄞˋ / gǎn kuài
餐廳	レストラン/食堂	ㄘㄢ ㄊㄧㄥ / cān tīng
賽車	レーシングカー/カーレース	ㄙㄞˋ ㄔㄜ / sài chē
轉向	向きを変える	ㄓㄨㄢˇ ㄒㄧㄤˋ / zhuǎn xiàng
爆發	爆発する/勃発する	ㄅㄠˋ ㄈㄚ / bào fā
贊成	賛成する	ㄗㄢˋ ㄔㄥˊ / zàn chéng
競選	選挙運動をする/立候補する	ㄐㄧㄥˋ ㄒㄩㄢˇ / jìng xuǎn
犧牲	犠牲にする	ㄒㄧ ㄕㄥ / xī shēng
靈活	柔軟である/機敏である	ㄌㄧㄥˊ ㄏㄨㄛˊ / líng huó
上升	上昇する	ㄕㄤˋ ㄕㄥ / shàng shēng
小組	グループ/チーム	ㄒㄧㄠˇ ㄗㄨˇ / xiǎo zǔ
元旦	元日	ㄩㄢˊ ㄉㄢˋ / yuán dàn
巴黎	パリ	ㄅㄚ ㄌㄧˊ / bā lí
手段	手段	ㄕㄡˇ ㄉㄨㄢˋ / shǒu duàn
日圓	日本円	ㄖˋ ㄩㄢˊ / rì yuán
主席	主席/議長	ㄓㄨˇ ㄒㄧˊ / zhǔ xí
出身	出身	ㄔㄨ ㄕㄣ / chū shēn
平時	平素/ふだん	ㄆㄧㄥˊ ㄕˊ / píng shí
全世界	全世界	ㄑㄩㄢˊ ㄕˋ ㄐㄧㄝˋ / quán shì jiè
回國	帰国する	ㄏㄨㄟˊ ㄍㄨㄛˊ / huí guó
早晨	早朝/朝	ㄗㄠˇ ㄔㄣˊ / zǎo chén
有意	意図的である/～する気がある	ㄧㄡˇ ㄧˋ / yǒu yì
希臘	ギリシャ	ㄒㄧ ㄌㄚˋ / xī là
材料	材料	ㄘㄞˊ ㄌㄧㄠˋ / cái liào
身材	スタイル/体つき	ㄕㄣ ㄘㄞˊ / shēn cái
房車	セダン/キャンピングカー	ㄈㄤˊ ㄔㄜ / fáng chē
昆蟲	昆虫	ㄎㄨㄣ ㄔㄨㄥˊ / kūn chóng
表揚	表彰する	ㄅㄧㄠˇ ㄧㄤˊ / biǎo yáng
修改	修正する	ㄒㄧㄡ ㄍㄞˇ / xiū gǎi
浪漫	ロマンチックである	ㄌㄤˋ ㄇㄢˋ / làng màn
強化	強化する	ㄑㄧㄤˊ ㄏㄨㄚˋ / qiáng huà
球場	球場/コート	ㄑㄧㄡˊ ㄔㄤˇ / qiú chǎng
盛行	流行する/盛んである	ㄕㄥˋ ㄒㄧㄥˊ / shèng xíng
眼光	眼力/視線	ㄧㄢˇ ㄍㄨㄤ / yǎn guāng
第一	第一/一番	ㄉㄧˋ ㄧ / dì yī
勞動	労働する	ㄌㄠˊ ㄉㄨㄥˋ / láo dòng
循環	循環する	ㄒㄩㄣˊ ㄏㄨㄢˊ / xún huán
登山	登山する	ㄉㄥ ㄕㄢ / dēng shān
黑色	黒色	ㄏㄟ ㄙㄜˋ / hēi sè
新鮮	新鮮である	ㄒㄧㄣ ㄒㄧㄢ / xīn xiān
煞車	ブレーキ/ブレーキをかける	ㄕㄚ ㄔㄜ / shā chē
落後	遅れる/立ち遅れる	ㄌㄨㄛˋ ㄏㄡˋ / luò hòu
圖案	図案/デザイン	ㄊㄨˊ ㄢˋ / tú àn
影響力	影響力	ㄧㄥˇ ㄒㄧㄤˇ ㄌㄧˋ / yǐng xiǎng lì
衛星	衛星	ㄨㄟˋ ㄒㄧㄥ / wèi xīng
輪胎	タイヤ	ㄌㄨㄣˊ ㄊㄞ / lún tāi
諾斯	ノース	ㄋㄨㄛˋ ㄙ / nuò sī
優惠	優遇する/割引	ㄧㄡ ㄏㄨㄟˋ / yōu huì
擴張	拡張する	ㄎㄨㄛˋ ㄓㄤ / kuò zhāng
藍色	青色	ㄌㄢˊ ㄙㄜˋ / lán sè
寶寶	赤ちゃん	ㄅㄠˇ ㄅㄠˇ / bǎo bǎo
變更	変更する	ㄅㄧㄢˋ ㄍㄥ / biàn gēng
不利	不利である	ㄅㄨˊ ㄌㄧˋ / bú lì
公斤	キログラム	ㄍㄨㄥ ㄐㄧㄣ / gōng jīn
打擊	打撃を与える/打撃	ㄉㄚˇ ㄐㄧˊ / dǎ jí
矛盾	矛盾する	ㄇㄠˊ ㄉㄨㄣˋ / máo dùn
立院	立法院	ㄌㄧˋ ㄩㄢˋ / lì yuàn
住院	入院する	ㄓㄨˋ ㄩㄢˋ / zhù yuàn
身邊	そば/手元	ㄕㄣ ㄅㄧㄢ / shēn biān
車輛	車両	ㄔㄜ ㄌㄧㄤˋ / chē liàng
呼籲	呼びかける	ㄏㄨ ㄩˋ / hū yù
妹妹	妹	ㄇㄟˋ ˙ㄇㄟ / mèi mei
保育	保育する/保護する	ㄅㄠˇ ㄩˋ / bǎo yù
促進	促進する	ㄘㄨˋ ㄐㄧㄣˋ / cù jìn
後面	後ろ	ㄏㄡˋ ㄇㄧㄢˋ / hòu miàn
毒品	麻薬/違法薬物	ㄉㄨˊ ㄆㄧㄣˇ / dú pǐn
面前	目の前	ㄇㄧㄢˋ ㄑㄧㄢˊ / miàn qián
首長	首長	ㄕㄡˇ ㄓㄤˇ / shǒu zhǎng
乘客	乗客	ㄔㄥˊ ㄎㄜˋ / chéng kè
原料	原料	ㄩㄢˊ ㄌㄧㄠˋ / yuán liào
哥哥	兄	ㄍㄜ ˙ㄍㄜ / gē ge
哪兒	どこ	ㄋㄚˇ ㄦ / nǎ r
旅館	旅館/ホテル	ㄌㄩˇ ㄍㄨㄢˇ / lǚ guǎn
神奇	不思議である/神秘的である	ㄕㄣˊ ㄑㄧˊ / shén qí
草原	草原	ㄘㄠˇ ㄩㄢˊ / cǎo yuán
高職	高等職業学校	ㄍㄠ ㄓˊ / gāo zhí
做法	やり方	ㄗㄨㄛˋ ㄈㄚˇ / zuò fǎ
彩色	カラー/彩色	ㄘㄞˇ ㄙㄜˋ / cǎi sè
望遠鏡	望遠鏡	ㄨㄤˋ ㄩㄢˇ ㄐㄧㄥˋ / wàng yuǎn jìng
這次	今回	ㄓㄜˋ ㄘˋ / zhè cì
黃昏	夕暮れ	ㄏㄨㄤˊ ㄏㄨㄣ / huáng hūn
嘗試	試みる/試み	ㄔㄤˊ ㄕˋ / cháng shì
睡覺	寝る	ㄕㄨㄟˋ ㄐㄧㄠˋ / shuì jiào
領袖	リーダー/指導者	ㄌㄧㄥˇ ㄒㄧㄡˋ / lǐng xiù
廣大	広大である/幅広い	ㄍㄨㄤˇ ㄉㄚˋ / guǎng dà
觀影人	観客（映画の）	ㄍㄨㄢ ㄧㄥˇ ㄖㄣˊ / guān yǐng rén
矚目	注目する	ㄓㄨˇ ㄇㄨˋ / zhǔ mù
才藝	才能と技芸/特技	ㄘㄞˊ ㄧˋ / cái yì
及時	タイムリーに/間に合うように	ㄐㄧˊ ㄕˊ / jí shí
日本人	日本人	ㄖˋ ㄅㄣˇ ㄖㄣˊ / rì běn rén
主力	主力	ㄓㄨˇ ㄌㄧˋ / zhǔ lì
代價	代償/コスト	ㄉㄞˋ ㄐㄧㄚˋ / dài jià
外交	外交	ㄨㄞˋ ㄐㄧㄠ / wài jiāo
外商	外資系企業/外国商人	ㄨㄞˋ ㄕㄤ / wài shāng
外匯	外貨/外国為替	ㄨㄞˋ ㄏㄨㄟˋ / wài huì
百貨	百貨/デパート	ㄅㄞˇ ㄏㄨㄛˋ / bǎi huò
西班牙	スペイン	ㄒㄧ ㄅㄢ ㄧㄚˊ / xī bān yá
宋楚瑜	宋楚瑜（ソン・チューユィ）	ㄙㄨㄥˋ ㄔㄨˇ ㄩˊ / sòng chǔ yú
肚子	お腹	ㄉㄨˋ ˙ㄗ / dù zi
足夠	十分である	ㄗㄨˊ ㄍㄡˋ / zú gòu
夜晚	夜	ㄧㄝˋ ㄨㄢˇ / yè wǎn
忽略	無視する/疎かにする	ㄏㄨ ㄌㄩㄝˋ / hū lüè
承受	受け止める/耐える	ㄔㄥˊ ㄕㄡˋ / chéng shòu
保戶	保険契約者	ㄅㄠˇ ㄏㄨˋ / bǎo hù
保險公司	保険会社	ㄅㄠˇ ㄒㄧㄢˇ ㄍㄨㄥ ㄙ / bǎo xiǎn gōng sī
客人	客	ㄎㄜˋ ㄖㄣˊ / kè rén
看出	見抜く/見て取る	ㄎㄢˋ ㄔㄨ / kàn chū
紅山文化	紅山文化（こうざんぶんか）	ㄏㄨㄥˊ ㄕㄢ ㄨㄣˊ ㄏㄨㄚˋ / hóng shān wén huà
紅色	赤色	ㄏㄨㄥˊ ㄙㄜˋ / hóng sè
俱樂部	クラブ	ㄐㄩˋ ㄌㄜˋ ㄅㄨˋ / jù lè bù
泰國	タイ	ㄊㄞˋ ㄍㄨㄛˊ / tài guó
高峰	ピーク/最高峰	ㄍㄠ ㄈㄥ / gāo fēng
國校	国民学校（小学校の旧称）	ㄍㄨㄛˊ ㄒㄧㄠˋ / guó xiào
國語	国語（台湾華語）	ㄍㄨㄛˊ ㄩˇ / guó yǔ
專門	専門の	ㄓㄨㄢ ㄇㄣˊ / zhuān mén
彩虹	虹	ㄘㄞˇ ㄏㄨㄥˊ / cǎi hóng
排氣量	排気量	ㄆㄞˊ ㄑㄧˋ ㄌㄧㄤˋ / pái qì liàng
淡水河	淡水河	ㄉㄢˋ ㄕㄨㄟˇ ㄏㄜˊ / dàn shuǐ hé
眾生	衆生（しゅじょう）	ㄓㄨㄥˋ ㄕㄥ / zhòng shēng
眾多	数多い	ㄓㄨㄥˋ ㄉㄨㄛ / zhòng duō
規範	規範/ルール	ㄍㄨㄟ ㄈㄢˋ / guī fàn
連接	接続する/つなぐ	ㄌㄧㄢˊ ㄐㄧㄝ / lián jiē
勞工	労働者	ㄌㄠˊ ㄍㄨㄥ / láo gōng
揭幕	幕を開ける/開幕する	ㄐㄧㄝ ㄇㄨˋ / jiē mù
著手	着手する	ㄓㄨㄛˊ ㄕㄡˇ / zhuó shǒu
開車	車を運転する	ㄎㄞ ㄔㄜ / kāi chē
試辦	試験的に実施する	ㄕˋ ㄅㄢˋ / shì bàn
運動員	アスリート/スポーツ選手	ㄩㄣˋ ㄉㄨㄥˋ ㄩㄢˊ / yùn dòng yuán
遇到	遭遇する/出会う	ㄩˋ ㄉㄠˋ / yù dào
綜合	総合する/総合的な	ㄗㄨㄥˋ ㄏㄜˊ / zòng hé
臺南	台南	ㄊㄞˊ ㄋㄢˊ / tái nán
徵文	作文を募集する	ㄓㄥ ㄨㄣˊ / zhēng wén
質疑	質疑する/疑問を呈する	ㄓˊ ㄧˊ / zhí yí
講話	話す/講話	ㄐㄧㄤˇ ㄏㄨㄚˋ / jiǎng huà
簡直	まるで/まったく	ㄐㄧㄢˇ ㄓˊ / jiǎn zhí
轉移	移転する/転移する	ㄓㄨㄢˇ ㄧˊ / zhuǎn yí
一向	ずっと/以前から	ㄧ ㄒㄧㄤˋ / yī xiàng
人力	人力/マンパワー	ㄖㄣˊ ㄌㄧˋ / rén lì
上帝	神/神様	ㄕㄤˋ ㄉㄧˋ / shàng dì
支援	支援する	ㄓ ㄩㄢˊ / zhī yuán
充實	充実させる/充実している	ㄔㄨㄥ ㄕˊ / chōng shí
先進	先進的な	ㄒㄧㄢ ㄐㄧㄣˋ / xiān jìn
地上	地上	ㄉㄧˋ ㄕㄤˋ / dì shàng
百貨公司	デパート	ㄅㄞˇ ㄏㄨㄛˋ ㄍㄨㄥ ㄙ / bǎi huò gōng sī
竹市	新竹市	ㄓㄨˊ ㄕˋ / zhú shì
自從	～して以来	ㄗˋ ㄘㄨㄥˊ / zì cóng
性質	性質	ㄒㄧㄥˋ ㄓˊ / xìng zhí
拍片	映画を撮る/撮影する	ㄆㄞ ㄆㄧㄢˋ / pāi piàn
冒險	冒険する	ㄇㄠˋ ㄒㄧㄢˇ / mào xiǎn
宣導	宣伝・指導する/啓発する	ㄒㄩㄢ ㄉㄠˇ / xuān dǎo
施政	施政	ㄕ ㄓㄥˋ / shī zhèng
活潑	活発である	ㄏㄨㄛˊ ㄆㄛ / huó pō
秋天	秋	ㄑㄧㄡ ㄊㄧㄢ / qiū tiān
重建	再建する	ㄔㄨㄥˊ ㄐㄧㄢˋ / chóng jiàn
陌生	見知らぬ	ㄇㄛˋ ㄕㄥ / mò shēng
除非	～しない限り	ㄔㄨˊ ㄈㄟ / chú fēi
馬路	道路/道	ㄇㄚˇ ㄌㄨˋ / mǎ lù
高縣	高雄県（現在は高雄市に合併）	ㄍㄠ ㄒㄧㄢˋ / gāo xiàn
做為	～として	ㄗㄨㄛˋ ㄨㄟˊ / zuò wéi
推薦	推薦する	ㄊㄨㄟ ㄐㄧㄢˋ / tuī jiàn
球員	球技選手	ㄑㄧㄡˊ ㄩㄢˊ / qiú yuán
細菌	細菌	ㄒㄧˋ ㄐㄩㄣˋ / xì jùn
意味	意味する	ㄧˋ ㄨㄟˋ / yì wèi
新連線	新連線（政治グループなど）	ㄒㄧㄣ ㄌㄧㄢˊ ㄒㄧㄢˋ / xīn lián xiàn
當中	その中/～の中	ㄉㄤ ㄓㄨㄥ / dāng zhōng
詩人	詩人	ㄕ ㄖㄣˊ / shī rén
誠實	誠実である	ㄔㄥˊ ㄕˊ / chéng shí
種類	種類	ㄓㄨㄥˇ ㄌㄟˋ / zhǒng lèi
算命	占いをする	ㄙㄨㄢˋ ㄇㄧㄥˋ / suàn mìng
優異	非常に優れている	ㄧㄡ ㄧˋ / yōu yì
優點	長所/メリット	ㄧㄡ ㄉㄧㄢˇ / yōu diǎn
環保署	環境保護署	ㄏㄨㄢˊ ㄅㄠˇ ㄕㄨˇ / huán bǎo shǔ
擺脫	抜け出す/逃れる	ㄅㄞˇ ㄊㄨㄛ / bǎi tuō
轉換	転換する/切り替える	ㄓㄨㄢˇ ㄏㄨㄢˋ / zhuǎn huàn
證實	実証する/確認する	ㄓㄥˋ ㄕˊ / zhèng shí
難題	難題	ㄋㄢˊ ㄊㄧˊ / nán tí
蘇聯	ソ連	ㄙㄨ ㄌㄧㄢˊ / sū lián
一天	一日	ㄧˋ ㄊㄧㄢ / yì tiān
一時	一時的/一時	ㄧˋ ㄕˊ / yì shí
人工	人工の	ㄖㄣˊ ㄍㄨㄥ / rén gōng
上班	出勤する/仕事に行く	ㄕㄤˋ ㄅㄢ / shàng bān
內閣	内閣	ㄋㄟˋ ㄍㄜˊ / nèi gé
公分	センチメートル	ㄍㄨㄥ ㄈㄣ / gōng fēn
升學	進学する	ㄕㄥ ㄒㄩㄝˊ / shēng xué
少棒	少年野球	ㄕㄠˋ ㄅㄤˋ / shào bàng
手中	手の中	ㄕㄡˇ ㄓㄨㄥ / shǒu zhōng
代替	代わりをする	ㄉㄞˋ ㄊㄧˋ / dài tì
包含	含む	ㄅㄠ ㄏㄢˊ / bāo hán
市民	市民	ㄕˋ ㄇㄧㄣˊ / shì mín
母乳	母乳	ㄇㄨˇ ㄖㄨˇ / mǔ rǔ
合併	合併する	ㄏㄜˊ ㄅㄧㄥˋ / hé bìng
直選	直接選挙	ㄓˊ ㄒㄩㄢˇ / zhí xuǎn
迎接	出迎える/迎える	ㄧㄥˊ ㄐㄧㄝ / yíng jiē
活力	活力	ㄏㄨㄛˊ ㄌㄧˋ / huó lì
個人電腦	パソコン	ㄍㄜˋ ㄖㄣˊ ㄉㄧㄢˋ ㄋㄠˇ / gè rén diàn nǎo
特定	特定の	ㄊㄜˋ ㄉㄧㄥˋ / tè dìng
區運	区運（台湾区運動会の略）	ㄑㄩ ㄩㄣˋ / qū yùn
清晨	早朝	ㄑㄧㄥ ㄔㄣˊ / qīng chén
測試	テストする/測定する	ㄘㄜˋ ㄕˋ / cè shì
週年	周年	ㄓㄡ ㄋㄧㄢˊ / zhōu nián
勢必	必ず～する	ㄕˋ ㄅㄧˋ / shì bì
想起	思い出す	ㄒㄧㄤˇ ㄑㄧˇ / xiǎng qǐ
當選	当選する	ㄉㄤ ㄒㄩㄢˇ / dāng xuǎn
落幕	幕を閉じる/閉幕する	ㄌㄨㄛˋ ㄇㄨˋ / luò mù
路面	路面	ㄌㄨˋ ㄇㄧㄢˋ / lù miàn
圖書	図書/本	ㄊㄨˊ ㄕㄨ / tú shū
演變	移り変わる/変遷する	ㄧㄢˇ ㄅㄧㄢˋ / yǎn biàn
緊急	緊急の	ㄐㄧㄣˇ ㄐㄧˊ / jǐn jí
遠離	遠ざかる/離れる	ㄩㄢˇ ㄌㄧˊ / yuǎn lí
銀河系	銀河系	ㄧㄣˊ ㄏㄜˊ ㄒㄧˋ / yín hé xì
學術	学術	ㄒㄩㄝˊ ㄕㄨˋ / xué shù
學會	学会/習得する	ㄒㄩㄝˊ ㄏㄨㄟˋ / xué huì
縣市長	県知事および市長	ㄒㄧㄢˋ ㄕˋ ㄓㄤˇ / xiàn shì zhǎng
聯合	連合する/共同の	ㄌㄧㄢˊ ㄏㄜˊ / lián hé
難得	得難い/めったにない	ㄋㄢˊ ㄉㄜˊ / nán dé
